bestand,url,titel,regel,soort,ernst,citaat,context,ouderdom,uitleg,voorstel
0010_paspoort-id-kaart_aanvragen-in-de-buurt.txt,https://www.nederlandwereldwijd.nl/paspoort-id-kaart/aanvragen-in-de-buurt,Buiten Nederland een paspoort of ID-kaart aanvragen bij u in de buurt | NederlandWereldwijd,,verloopt-binnenkort,advies,15 september 2026,"week 38, 15 september 2026",0,Deze datum is over 0 dagen voorbij; daarna klopt de tekst niet meer.,Zet een herinnering om dit na die datum bij te werken.
0010_paspoort-id-kaart_aanvragen-in-de-buurt.txt,https://www.nederlandwereldwijd.nl/paspoort-id-kaart/aanvragen-in-de-buurt,Buiten Nederland een paspoort of ID-kaart aanvragen bij u in de buurt | NederlandWereldwijd,,verloopt-binnenkort,advies,15 oktober 2026,"Adelaide12, 13, 14 en 15 oktober 2026",30,Deze datum is over 30 dagen voorbij; daarna klopt de tekst niet meer.,Zet een herinnering om dit na die datum bij te werken.
0010_paspoort-id-kaart_aanvragen-in-de-buurt.txt,https://www.nederlandwereldwijd.nl/paspoort-id-kaart/aanvragen-in-de-buurt,Buiten Nederland een paspoort of ID-kaart aanvragen bij u in de buurt | NederlandWereldwijd,,verloopt-binnenkort,advies,23 september 2026,"Calgary, Alberta22 en 23 september 2026",8,Deze datum is over 8 dagen voorbij; daarna klopt de tekst niet meer.,Zet een herinnering om dit na die datum bij te werken.
0010_paspoort-id-kaart_aanvragen-in-de-buurt.txt,https://www.nederlandwereldwijd.nl/paspoort-id-kaart/aanvragen-in-de-buurt,Buiten Nederland een paspoort of ID-kaart aanvragen bij u in de buurt | NederlandWereldwijd,,verloopt-binnenkort,advies,17 september 2026,17 september 2026,2,Deze datum is over 2 dagen voorbij; daarna klopt de tekst niet meer.,Zet een herinnering om dit na die datum bij te werken.
0010_paspoort-id-kaart_aanvragen-in-de-buurt.txt,https://www.nederlandwereldwijd.nl/paspoort-id-kaart/aanvragen-in-de-buurt,Buiten Nederland een paspoort of ID-kaart aanvragen bij u in de buurt | NederlandWereldwijd,,verloopt-binnenkort,advies,7 oktober 2026,7 oktober 2026,22,Deze datum is over 22 dagen voorbij; daarna klopt de tekst niet meer.,Zet een herinnering om dit na die datum bij te werken.
0010_paspoort-id-kaart_aanvragen-in-de-buurt.txt,https://www.nederlandwereldwijd.nl/paspoort-id-kaart/aanvragen-in-de-buurt,Buiten Nederland een paspoort of ID-kaart aanvragen bij u in de buurt | NederlandWereldwijd,,verloopt-binnenkort,advies,28 september 2026,28 september 2026,13,Deze datum is over 13 dagen voorbij; daarna klopt de tekst niet meer.,Zet een herinnering om dit na die datum bij te werken.
0010_paspoort-id-kaart_aanvragen-in-de-buurt.txt,https://www.nederlandwereldwijd.nl/paspoort-id-kaart/aanvragen-in-de-buurt,Buiten Nederland een paspoort of ID-kaart aanvragen bij u in de buurt | NederlandWereldwijd,,verloopt-binnenkort,advies,14 oktober 2026,"Milaan12, 13 en 14 oktober 2026 (vol)",29,Deze datum is over 29 dagen voorbij; daarna klopt de tekst niet meer.,Zet een herinnering om dit na die datum bij te werken.
0010_paspoort-id-kaart_aanvragen-in-de-buurt.txt,https://www.nederlandwereldwijd.nl/paspoort-id-kaart/aanvragen-in-de-buurt,Buiten Nederland een paspoort of ID-kaart aanvragen bij u in de buurt | NederlandWereldwijd,,verloopt-binnenkort,advies,15 september 2026,15 september 2026,0,Deze datum is over 0 dagen voorbij; daarna klopt de tekst niet meer.,Zet een herinnering om dit na die datum bij te werken.
0010_paspoort-id-kaart_aanvragen-in-de-buurt.txt,https://www.nederlandwereldwijd.nl/paspoort-id-kaart/aanvragen-in-de-buurt,Buiten Nederland een paspoort of ID-kaart aanvragen bij u in de buurt | NederlandWereldwijd,,verloopt-binnenkort,advies,14 oktober 2026,"12, 13 en 14 oktober 2026",29,Deze datum is over 29 dagen voorbij; daarna klopt de tekst niet meer.,Zet een herinnering om dit na die datum bij te werken.
0010_paspoort-id-kaart_aanvragen-in-de-buurt.txt,https://www.nederlandwereldwijd.nl/paspoort-id-kaart/aanvragen-in-de-buurt,Buiten Nederland een paspoort of ID-kaart aanvragen bij u in de buurt | NederlandWereldwijd,,verloopt-binnenkort,advies,8 oktober 2026,"Innsbruck6, 7 en 8 oktober 2026",23,Deze datum is over 23 dagen voorbij; daarna klopt de tekst niet meer.,Zet een herinnering om dit na die datum bij te werken.
0010_paspoort-id-kaart_aanvragen-in-de-buurt.txt,https://www.nederlandwereldwijd.nl/paspoort-id-kaart/aanvragen-in-de-buurt,Buiten Nederland een paspoort of ID-kaart aanvragen bij u in de buurt | NederlandWereldwijd,,verloopt-binnenkort,advies,16 september 2026,"Pattaya14, 15 en 16 september 2026",1,Deze datum is over 1 dag voorbij; daarna klopt de tekst niet meer.,Zet een herinnering om dit na die datum bij te werken.
0010_paspoort-id-kaart_aanvragen-in-de-buurt.txt,https://www.nederlandwereldwijd.nl/paspoort-id-kaart/aanvragen-in-de-buurt,Buiten Nederland een paspoort of ID-kaart aanvragen bij u in de buurt | NederlandWereldwijd,,verloopt-binnenkort,advies,2 oktober 2026,Hua Hin30 september en 1 en 2 oktober 2026,17,Deze datum is over 17 dagen voorbij; daarna klopt de tekst niet meer.,Zet een herinnering om dit na die datum bij te werken.
0010_paspoort-id-kaart_aanvragen-in-de-buurt.txt,https://www.nederlandwereldwijd.nl/paspoort-id-kaart/aanvragen-in-de-buurt,Buiten Nederland een paspoort of ID-kaart aanvragen bij u in de buurt | NederlandWereldwijd,,verloopt-binnenkort,advies,29 september 2026,Norwich28 en 29 september 2026,14,Deze datum is over 14 dagen voorbij; daarna klopt de tekst niet meer.,Zet een herinnering om dit na die datum bij te werken.
0010_paspoort-id-kaart_aanvragen-in-de-buurt.txt,https://www.nederlandwereldwijd.nl/paspoort-id-kaart/aanvragen-in-de-buurt,Buiten Nederland een paspoort of ID-kaart aanvragen bij u in de buurt | NederlandWereldwijd,,verloopt-binnenkort,advies,23 september 2026,Nashville22 en 23 september 2026,8,Deze datum is over 8 dagen voorbij; daarna klopt de tekst niet meer.,Zet een herinnering om dit na die datum bij te werken.
0010_paspoort-id-kaart_aanvragen-in-de-buurt.txt,https://www.nederlandwereldwijd.nl/paspoort-id-kaart/aanvragen-in-de-buurt,Buiten Nederland een paspoort of ID-kaart aanvragen bij u in de buurt | NederlandWereldwijd,,verloopt-binnenkort,advies,15 oktober 2026,Salt Lake City14 en 15 oktober 2026,30,Deze datum is over 30 dagen voorbij; daarna klopt de tekst niet meer.,Zet een herinnering om dit na die datum bij te werken.
0023_paspoort-id-kaart_buitenland_paspoort-armenie.txt,https://www.nederlandwereldwijd.nl/paspoort-id-kaart/buitenland/paspoort-armenie,Paspoort of ID-kaart aanvragen als u in Armenië woont | NederlandWereldwijd,,verloopt-binnenkort,advies,15 september 2026,Het consulaire team van de Nederlandse ambassade in Tbilisi bezoekt Jerevan op 15 september 2026.,0,Deze datum is over 0 dagen voorbij; daarna klopt de tekst niet meer.,Zet een herinnering om dit na die datum bij te werken.
0024_paspoort-id-kaart_buitenland_paspoort-australie.txt,https://www.nederlandwereldwijd.nl/paspoort-id-kaart/buitenland/paspoort-australie,Nederlands paspoort of ID-kaart vernieuwen of aanvragen als u in Australië woont | NederlandWereldwijd,,tijdelijk-zonder-datum,midden,tijdelijk,U kunt hier tijdelijk een Nederlands paspoort of ID-kaart aanvragen.,,Tijdelijke mededeling zonder datum: niet te zien hoe lang dit er al staat of wanneer het afloopt.,"Zet erbij sinds wanneer dit geldt, of tot wanneer."
0024_paspoort-id-kaart_buitenland_paspoort-australie.txt,https://www.nederlandwereldwijd.nl/paspoort-id-kaart/buitenland/paspoort-australie,Nederlands paspoort of ID-kaart vernieuwen of aanvragen als u in Australië woont | NederlandWereldwijd,,tijdelijk-zonder-datum,midden,tijdelijk,U kunt hier tijdelijk een Nederlands paspoort of ID-kaart aanvragen.,,Tijdelijke mededeling zonder datum: niet te zien hoe lang dit er al staat of wanneer het afloopt.,"Zet erbij sinds wanneer dit geldt, of tot wanneer."
0024_paspoort-id-kaart_buitenland_paspoort-australie.txt,https://www.nederlandwereldwijd.nl/paspoort-id-kaart/buitenland/paspoort-australie,Nederlands paspoort of ID-kaart vernieuwen of aanvragen als u in Australië woont | NederlandWereldwijd,,verloopt-binnenkort,advies,22 september 2026,22 september 2026,7,Deze datum is over 7 dagen voorbij; daarna klopt de tekst niet meer.,Zet een herinnering om dit na die datum bij te werken.
0025_paspoort-id-kaart_buitenland_paspoort-azerbeidzjan.txt,https://www.nederlandwereldwijd.nl/paspoort-id-kaart/buitenland/paspoort-azerbeidzjan,Paspoort of ID-kaart aanvragen als u in Azerbeidzjan woont | NederlandWereldwijd,,verloopt-binnenkort,advies,6 Oktober 2026,Het consulaire team van de Nederlandse ambassade in Tbilisi bezoekt Bakoe op 6 Oktober 2026.,21,Deze datum is over 21 dagen voorbij; daarna klopt de tekst niet meer.,Zet een herinnering om dit na die datum bij te werken.
0025_paspoort-id-kaart_buitenland_paspoort-azerbeidzjan.txt,https://www.nederlandwereldwijd.nl/paspoort-id-kaart/buitenland/paspoort-azerbeidzjan,Paspoort of ID-kaart aanvragen als u in Azerbeidzjan woont | NederlandWereldwijd,,verloopt-binnenkort,advies,6 oktober 2026,6 oktober 2026,21,Deze datum is over 21 dagen voorbij; daarna klopt de tekst niet meer.,Zet een herinnering om dit na die datum bij te werken.
0034_paspoort-id-kaart_buitenland_paspoort-bhutan.txt,https://www.nederlandwereldwijd.nl/paspoort-id-kaart/buitenland/paspoort-bhutan,Paspoort of ID-kaart aanvragen als u in Bhutan woont | NederlandWereldwijd,,tijdelijk-zonder-datum,midden,tijdelijk,U kunt uw nieuwe paspoort of ID-kaart tijdelijk niet ophalen.,,Tijdelijke mededeling zonder datum: niet te zien hoe lang dit er al staat of wanneer het afloopt.,"Zet erbij sinds wanneer dit geldt, of tot wanneer."
0045_paspoort-id-kaart_buitenland_paspoort-canada.txt,https://www.nederlandwereldwijd.nl/paspoort-id-kaart/buitenland/paspoort-canada,Paspoort of ID-kaart aanvragen als u in Canada woont | NederlandWereldwijd,,verloopt-binnenkort,advies,23 september 2026,Op 22 september in de middag en de hele dag op 23 september 2026.,8,Deze datum is over 8 dagen voorbij; daarna klopt de tekst niet meer.,Zet een herinnering om dit na die datum bij te werken.
0071_paspoort-id-kaart_buitenland_paspoort-filipijnen.txt,https://www.nederlandwereldwijd.nl/paspoort-id-kaart/buitenland/paspoort-filipijnen,Paspoort of ID-kaart aanvragen als u in de Filipijnen woont | NederlandWereldwijd,,verloopt-binnenkort,advies,17 september 2026,17 september 2026,2,Deze datum is over 2 dagen voorbij; daarna klopt de tekst niet meer.,Zet een herinnering om dit na die datum bij te werken.
0071_paspoort-id-kaart_buitenland_paspoort-filipijnen.txt,https://www.nederlandwereldwijd.nl/paspoort-id-kaart/buitenland/paspoort-filipijnen,Paspoort of ID-kaart aanvragen als u in de Filipijnen woont | NederlandWereldwijd,,verloopt-binnenkort,advies,8 oktober 2026,8 oktober 2026,23,Deze datum is over 23 dagen voorbij; daarna klopt de tekst niet meer.,Zet een herinnering om dit na die datum bij te werken.
0081_paspoort-id-kaart_buitenland_paspoort-griekenland.txt,https://www.nederlandwereldwijd.nl/paspoort-id-kaart/buitenland/paspoort-griekenland,Paspoort of ID-kaart aanvragen als u in Griekenland woont | NederlandWereldwijd,,tijdelijk-zonder-datum,midden,tijdelijk,U kunt hier tijdelijk een Nederlands paspoort of ID-kaart aanvragen.,,Tijdelijke mededeling zonder datum: niet te zien hoe lang dit er al staat of wanneer het afloopt.,"Zet erbij sinds wanneer dit geldt, of tot wanneer."
0081_paspoort-id-kaart_buitenland_paspoort-griekenland.txt,https://www.nederlandwereldwijd.nl/paspoort-id-kaart/buitenland/paspoort-griekenland,Paspoort of ID-kaart aanvragen als u in Griekenland woont | NederlandWereldwijd,,tijdelijk-zonder-datum,midden,tijdelijk,U kunt hier tijdelijk een Nederlands paspoort of ID-kaart aanvragen.,,Tijdelijke mededeling zonder datum: niet te zien hoe lang dit er al staat of wanneer het afloopt.,"Zet erbij sinds wanneer dit geldt, of tot wanneer."
0095_paspoort-id-kaart_buitenland_paspoort-india.txt,https://www.nederlandwereldwijd.nl/paspoort-id-kaart/buitenland/paspoort-india,Paspoort of ID-kaart aanvragen als u in India woont | NederlandWereldwijd,,tijdelijk-zonder-datum,midden,tijdelijk,U kunt uw nieuwe paspoort of ID-kaart tijdelijk niet ophalen.,,Tijdelijke mededeling zonder datum: niet te zien hoe lang dit er al staat of wanneer het afloopt.,"Zet erbij sinds wanneer dit geldt, of tot wanneer."
0096_paspoort-id-kaart_buitenland_paspoort-indonesie.txt,https://www.nederlandwereldwijd.nl/paspoort-id-kaart/buitenland/paspoort-indonesie,Paspoort of ID-kaart aanvragen als u in Indonesië bent | NederlandWereldwijd,,tijdelijk-zonder-datum,midden,tijdelijk,U kunt hier tijdelijk een Nederlands paspoort of ID-kaart aanvragen.,,Tijdelijke mededeling zonder datum: niet te zien hoe lang dit er al staat of wanneer het afloopt.,"Zet erbij sinds wanneer dit geldt, of tot wanneer."
0096_paspoort-id-kaart_buitenland_paspoort-indonesie.txt,https://www.nederlandwereldwijd.nl/paspoort-id-kaart/buitenland/paspoort-indonesie,Paspoort of ID-kaart aanvragen als u in Indonesië bent | NederlandWereldwijd,,verloopt-binnenkort,advies,7 oktober 2026,7 oktober 2026,22,Deze datum is over 22 dagen voorbij; daarna klopt de tekst niet meer.,Zet een herinnering om dit na die datum bij te werken.
0100_paspoort-id-kaart_buitenland_paspoort-italie.txt,https://www.nederlandwereldwijd.nl/paspoort-id-kaart/buitenland/paspoort-italie,Paspoort of ID-kaart aanvragen als u in Italië woont | NederlandWereldwijd,,tijdelijk-zonder-datum,midden,tijdelijk,U kunt daar tijdelijk een Nederlands paspoort of ID-kaart aanvragen.,,Tijdelijke mededeling zonder datum: niet te zien hoe lang dit er al staat of wanneer het afloopt.,"Zet erbij sinds wanneer dit geldt, of tot wanneer."
0100_paspoort-id-kaart_buitenland_paspoort-italie.txt,https://www.nederlandwereldwijd.nl/paspoort-id-kaart/buitenland/paspoort-italie,Paspoort of ID-kaart aanvragen als u in Italië woont | NederlandWereldwijd,,tijdelijk-zonder-datum,midden,tijdelijk,U kunt hier tijdelijk een Nederlands paspoort of ID-kaart aanvragen.,,Tijdelijke mededeling zonder datum: niet te zien hoe lang dit er al staat of wanneer het afloopt.,"Zet erbij sinds wanneer dit geldt, of tot wanneer."
0100_paspoort-id-kaart_buitenland_paspoort-italie.txt,https://www.nederlandwereldwijd.nl/paspoort-id-kaart/buitenland/paspoort-italie,Paspoort of ID-kaart aanvragen als u in Italië woont | NederlandWereldwijd,,verloopt-binnenkort,advies,28 september 2026,28 september 2026,13,Deze datum is over 13 dagen voorbij; daarna klopt de tekst niet meer.,Zet een herinnering om dit na die datum bij te werken.
0100_paspoort-id-kaart_buitenland_paspoort-italie.txt,https://www.nederlandwereldwijd.nl/paspoort-id-kaart/buitenland/paspoort-italie,Paspoort of ID-kaart aanvragen als u in Italië woont | NederlandWereldwijd,,verlopen-aankondiging,hoog,7 september 2026,U kunt een afspraak aanvragen tussen 7 september 2026 vanaf 9.00 uur en 11 september 2026 tot en met 17.00 uur.,8,Aankondiging voor een datum die 8 dagen geleden is gepasseerd.,Haal de mededeling weg of vervang hem door de eerstvolgende datum.
0100_paspoort-id-kaart_buitenland_paspoort-italie.txt,https://www.nederlandwereldwijd.nl/paspoort-id-kaart/buitenland/paspoort-italie,Paspoort of ID-kaart aanvragen als u in Italië woont | NederlandWereldwijd,,verlopen-aankondiging,hoog,11 september 2026,U kunt een afspraak aanvragen tussen 7 september 2026 vanaf 9.00 uur en 11 september 2026 tot en met 17.00 uur.,4,Aankondiging voor een datum die 4 dagen geleden is gepasseerd.,Haal de mededeling weg of vervang hem door de eerstvolgende datum.
0100_paspoort-id-kaart_buitenland_paspoort-italie.txt,https://www.nederlandwereldwijd.nl/paspoort-id-kaart/buitenland/paspoort-italie,Paspoort of ID-kaart aanvragen als u in Italië woont | NederlandWereldwijd,,verloopt-binnenkort,advies,16 september 2026,Dan ontvangt u uiterlijk 16 september 2026 van ons een e-mail.,1,Deze datum is over 1 dag voorbij; daarna klopt de tekst niet meer.,Zet een herinnering om dit na die datum bij te werken.
0100_paspoort-id-kaart_buitenland_paspoort-italie.txt,https://www.nederlandwereldwijd.nl/paspoort-id-kaart/buitenland/paspoort-italie,Paspoort of ID-kaart aanvragen als u in Italië woont | NederlandWereldwijd,,verloopt-binnenkort,advies,14 oktober 2026,"12, 13 en 14 oktober 2026",29,Deze datum is over 29 dagen voorbij; daarna klopt de tekst niet meer.,Zet een herinnering om dit na die datum bij te werken.
0100_paspoort-id-kaart_buitenland_paspoort-italie.txt,https://www.nederlandwereldwijd.nl/paspoort-id-kaart/buitenland/paspoort-italie,Paspoort of ID-kaart aanvragen als u in Italië woont | NederlandWereldwijd,,verlopen-aankondiging,hoog,14 september 2026,U kunt een afspraak maken vanaf 14 september 2026 om 9.00 uur.,1,Aankondiging voor een datum die 1 dag geleden is gepasseerd.,Haal de mededeling weg of vervang hem door de eerstvolgende datum.
0141_paspoort-id-kaart_buitenland_paspoort-mongolie.txt,https://www.nederlandwereldwijd.nl/paspoort-id-kaart/buitenland/paspoort-mongolie,Paspoort of ID-kaart aanvragen als u in Mongolië woont | NederlandWereldwijd,,tijdelijk-zonder-datum,midden,tijdelijk,U kunt uw nieuwe paspoort of ID-kaart tijdelijk niet ophalen bij het consulaat-generaal in Guangzhou.,,Tijdelijke mededeling zonder datum: niet te zien hoe lang dit er al staat of wanneer het afloopt.,"Zet erbij sinds wanneer dit geldt, of tot wanneer."
0142_paspoort-id-kaart_buitenland_paspoort-montenegro.txt,https://www.nederlandwereldwijd.nl/paspoort-id-kaart/buitenland/paspoort-montenegro,Paspoort of ID-kaart aanvragen als u in Montenegro woont | NederlandWereldwijd,,verloopt-binnenkort,advies,15 september 2026,Dinsdagochtend 15 september 2026.,0,Deze datum is over 0 dagen voorbij; daarna klopt de tekst niet meer.,Zet een herinnering om dit na die datum bij te werken.
0148_paspoort-id-kaart_buitenland_paspoort-nepal.txt,https://www.nederlandwereldwijd.nl/paspoort-id-kaart/buitenland/paspoort-nepal,Paspoort of ID-kaart aanvragen als u in Nepal woont | NederlandWereldwijd,,tijdelijk-zonder-datum,midden,tijdelijk,U kunt uw nieuwe paspoort of ID-kaart tijdelijk niet ophalen.,,Tijdelijke mededeling zonder datum: niet te zien hoe lang dit er al staat of wanneer het afloopt.,"Zet erbij sinds wanneer dit geldt, of tot wanneer."
0151_paspoort-id-kaart_buitenland_paspoort-nieuw-zeeland.txt,https://www.nederlandwereldwijd.nl/paspoort-id-kaart/buitenland/paspoort-nieuw-zeeland,Paspoort of ID-kaart aanvragen als u in Nieuw-Zeeland woont | NederlandWereldwijd,,verloopt-binnenkort,advies,14 oktober 2026,"12, 13 en 14 oktober 2026",29,Deze datum is over 29 dagen voorbij; daarna klopt de tekst niet meer.,Zet een herinnering om dit na die datum bij te werken.
0157_paspoort-id-kaart_buitenland_paspoort-noorwegen.txt,https://www.nederlandwereldwijd.nl/paspoort-id-kaart/buitenland/paspoort-noorwegen,Paspoort of ID-kaart aanvragen als u in Noorwegen woont | NederlandWereldwijd,,tijdelijk-zonder-datum,midden,tijdelijk,U kunt hier tijdelijk een Nederlands paspoort of ID-kaart aanvragen.,,Tijdelijke mededeling zonder datum: niet te zien hoe lang dit er al staat of wanneer het afloopt.,"Zet erbij sinds wanneer dit geldt, of tot wanneer."
0162_paspoort-id-kaart_buitenland_paspoort-oostenrijk.txt,https://www.nederlandwereldwijd.nl/paspoort-id-kaart/buitenland/paspoort-oostenrijk,Paspoort of ID-kaart aanvragen als u in Oostenrijk woont | NederlandWereldwijd,,verloopt-binnenkort,advies,8 oktober 2026,"6, 7 en 8 oktober 2026",23,Deze datum is over 23 dagen voorbij; daarna klopt de tekst niet meer.,Zet een herinnering om dit na die datum bij te werken.
0177_paspoort-id-kaart_buitenland_paspoort-rusland.txt,https://www.nederlandwereldwijd.nl/paspoort-id-kaart/buitenland/paspoort-rusland,Paspoort of ID-kaart aanvragen als u in Rusland woont | NederlandWereldwijd,,langdurig-tijdelijk,hoog,tijdelijk sinds 20 februari 2023,Waarschuwing: Sinds 20 februari 2023 is het consulaat-generaal in Sint-Petersburg tijdelijk gesloten.,1303,Deze mededeling staat er 1303 dagen en heet nog steeds tijdelijk.,"Controleer of dit nog klopt; zo ja, schrijf op tot wanneer het geldt."
0203_paspoort-id-kaart_buitenland_paspoort-thailand.txt,https://www.nederlandwereldwijd.nl/paspoort-id-kaart/buitenland/paspoort-thailand,Paspoort of ID-kaart aanvragen als u in Thailand woont | NederlandWereldwijd,,tijdelijk-zonder-datum,midden,tijdelijk,U kunt hier tijdelijk een Nederlands paspoort of ID-kaart aanvragen.,,Tijdelijke mededeling zonder datum: niet te zien hoe lang dit er al staat of wanneer het afloopt.,"Zet erbij sinds wanneer dit geldt, of tot wanneer."
0203_paspoort-id-kaart_buitenland_paspoort-thailand.txt,https://www.nederlandwereldwijd.nl/paspoort-id-kaart/buitenland/paspoort-thailand,Paspoort of ID-kaart aanvragen als u in Thailand woont | NederlandWereldwijd,,tijdelijk-zonder-datum,midden,tijdelijk,U kunt hier tijdelijk een Nederlands paspoort of ID-kaart aanvragen.,,Tijdelijke mededeling zonder datum: niet te zien hoe lang dit er al staat of wanneer het afloopt.,"Zet erbij sinds wanneer dit geldt, of tot wanneer."
0203_paspoort-id-kaart_buitenland_paspoort-thailand.txt,https://www.nederlandwereldwijd.nl/paspoort-id-kaart/buitenland/paspoort-thailand,Paspoort of ID-kaart aanvragen als u in Thailand woont | NederlandWereldwijd,,tijdelijk-zonder-datum,midden,tijdelijk,U kunt hier tijdelijk een Nederlands paspoort of ID-kaart aanvragen.,,Tijdelijke mededeling zonder datum: niet te zien hoe lang dit er al staat of wanneer het afloopt.,"Zet erbij sinds wanneer dit geldt, of tot wanneer."
0203_paspoort-id-kaart_buitenland_paspoort-thailand.txt,https://www.nederlandwereldwijd.nl/paspoort-id-kaart/buitenland/paspoort-thailand,Paspoort of ID-kaart aanvragen als u in Thailand woont | NederlandWereldwijd,,tijdelijk-zonder-datum,midden,tijdelijk,U kunt hier tijdelijk een Nederlands paspoort of ID-kaart aanvragen.,,Tijdelijke mededeling zonder datum: niet te zien hoe lang dit er al staat of wanneer het afloopt.,"Zet erbij sinds wanneer dit geldt, of tot wanneer."
0203_paspoort-id-kaart_buitenland_paspoort-thailand.txt,https://www.nederlandwereldwijd.nl/paspoort-id-kaart/buitenland/paspoort-thailand,Paspoort of ID-kaart aanvragen als u in Thailand woont | NederlandWereldwijd,,verloopt-binnenkort,advies,16 september 2026,"14, 15 en 16 september 2026",1,Deze datum is over 1 dag voorbij; daarna klopt de tekst niet meer.,Zet een herinnering om dit na die datum bij te werken.
0203_paspoort-id-kaart_buitenland_paspoort-thailand.txt,https://www.nederlandwereldwijd.nl/paspoort-id-kaart/buitenland/paspoort-thailand,Paspoort of ID-kaart aanvragen als u in Thailand woont | NederlandWereldwijd,,verloopt-binnenkort,advies,2 oktober 2026,30 september en 1 en 2 oktober 2026,17,Deze datum is over 17 dagen voorbij; daarna klopt de tekst niet meer.,Zet een herinnering om dit na die datum bij te werken.
0219_paspoort-id-kaart_buitenland_paspoort-verenigd-koninkrijk.txt,https://www.nederlandwereldwijd.nl/paspoort-id-kaart/buitenland/paspoort-verenigd-koninkrijk,Nederlands paspoort of ID-kaart vernieuwen of aanvragen als u in het Verenigd Koninkrijk woont | NederlandWereldwijd,,verloopt-binnenkort,advies,29 september 2026,28 en 29 september 2026,14,Deze datum is over 14 dagen voorbij; daarna klopt de tekst niet meer.,Zet een herinnering om dit na die datum bij te werken.
0221_paspoort-id-kaart_buitenland_paspoort-verenigde-staten-van-amerika.txt,https://www.nederlandwereldwijd.nl/paspoort-id-kaart/buitenland/paspoort-verenigde-staten-van-amerika,Nederlands paspoort of ID-kaart vernieuwen of aanvragen als u in de Verenigde Staten van Amerika woont | NederlandWereldwijd,,tijdelijk-zonder-datum,midden,tijdelijk,U kunt hier tijdelijk een Nederlands paspoort aanvragen.,,Tijdelijke mededeling zonder datum: niet te zien hoe lang dit er al staat of wanneer het afloopt.,"Zet erbij sinds wanneer dit geldt, of tot wanneer."
0221_paspoort-id-kaart_buitenland_paspoort-verenigde-staten-van-amerika.txt,https://www.nederlandwereldwijd.nl/paspoort-id-kaart/buitenland/paspoort-verenigde-staten-van-amerika,Nederlands paspoort of ID-kaart vernieuwen of aanvragen als u in de Verenigde Staten van Amerika woont | NederlandWereldwijd,,tijdelijk-zonder-datum,midden,tijdelijk,U kunt hier tijdelijk een Nederlands paspoort aanvragen.,,Tijdelijke mededeling zonder datum: niet te zien hoe lang dit er al staat of wanneer het afloopt.,"Zet erbij sinds wanneer dit geldt, of tot wanneer."
0221_paspoort-id-kaart_buitenland_paspoort-verenigde-staten-van-amerika.txt,https://www.nederlandwereldwijd.nl/paspoort-id-kaart/buitenland/paspoort-verenigde-staten-van-amerika,Nederlands paspoort of ID-kaart vernieuwen of aanvragen als u in de Verenigde Staten van Amerika woont | NederlandWereldwijd,,verloopt-binnenkort,advies,15 oktober 2026,14 en 15 oktober 2026,30,Deze datum is over 30 dagen voorbij; daarna klopt de tekst niet meer.,Zet een herinnering om dit na die datum bij te werken.
0221_paspoort-id-kaart_buitenland_paspoort-verenigde-staten-van-amerika.txt,https://www.nederlandwereldwijd.nl/paspoort-id-kaart/buitenland/paspoort-verenigde-staten-van-amerika,Nederlands paspoort of ID-kaart vernieuwen of aanvragen als u in de Verenigde Staten van Amerika woont | NederlandWereldwijd,,verloopt-binnenkort,advies,23 september 2026,22 en 23 september 2026,8,Deze datum is over 8 dagen voorbij; daarna klopt de tekst niet meer.,Zet een herinnering om dit na die datum bij te werken.
0243_paspoort-id-kaart_nederlandse-pasfotos-laten-maken_pasfoto-amerikaanse-maagdenei.txt,https://www.nederlandwereldwijd.nl/paspoort-id-kaart/nederlandse-pasfotos-laten-maken/pasfoto-amerikaanse-maagdeneilanden,Nederlandse pasfoto's laten maken op de Amerikaanse-Maagdeneilanden | NederlandWereldwijd,,doodlopende-verwijzing,hoog,geen informatie over ...,U kunt wel de informatie van een omringend land bekijken over fotografen die bekend zijn met de Nederlandse eisen.,,De pagina verwijst door naar 'een omringend land' zonder te zeggen welk land. De klant weet niet waar hij verder moet zoeken.,"Noem de landen waar wél informatie over is, zoals op de pagina over Afghanistan gebeurt."
0249_paspoort-id-kaart_nederlandse-pasfotos-laten-maken_pasfoto-armenie.txt,https://www.nederlandwereldwijd.nl/paspoort-id-kaart/nederlandse-pasfotos-laten-maken/pasfoto-armenie,Nederlandse pasfoto's laten maken in Armenië | NederlandWereldwijd,,doodlopende-verwijzing,hoog,geen informatie over ...,U kunt wel de informatie van een omringend land bekijken over fotografen die bekend zijn met de Nederlandse eisen.,,De pagina verwijst door naar 'een omringend land' zonder te zeggen welk land. De klant weet niet waar hij verder moet zoeken.,"Noem de landen waar wél informatie over is, zoals op de pagina over Afghanistan gebeurt."
0253_paspoort-id-kaart_nederlandse-pasfotos-laten-maken_pasfoto-bahrein.txt,https://www.nederlandwereldwijd.nl/paspoort-id-kaart/nederlandse-pasfotos-laten-maken/pasfoto-bahrein,Nederlandse pasfoto's laten maken in Bahrein | NederlandWereldwijd,,doodlopende-verwijzing,hoog,geen informatie over ...,U kunt wel de informatie van een omringend land bekijken over fotografen die bekend zijn met de Nederlandse eisen.,,De pagina verwijst door naar 'een omringend land' zonder te zeggen welk land. De klant weet niet waar hij verder moet zoeken.,"Noem de landen waar wél informatie over is, zoals op de pagina over Afghanistan gebeurt."
0259_paspoort-id-kaart_nederlandse-pasfotos-laten-maken_pasfoto-benin.txt,https://www.nederlandwereldwijd.nl/paspoort-id-kaart/nederlandse-pasfotos-laten-maken/pasfoto-benin,Nederlandse pasfoto's laten maken in Benin | NederlandWereldwijd,,doodlopende-verwijzing,hoog,geen informatie over ...,U kunt wel de informatie van een omringend land bekijken over fotografen die bekend zijn met de Nederlandse eisen.,,De pagina verwijst door naar 'een omringend land' zonder te zeggen welk land. De klant weet niet waar hij verder moet zoeken.,"Noem de landen waar wél informatie over is, zoals op de pagina over Afghanistan gebeurt."
0281_paspoort-id-kaart_nederlandse-pasfotos-laten-maken_pasfoto-cuba.txt,https://www.nederlandwereldwijd.nl/paspoort-id-kaart/nederlandse-pasfotos-laten-maken/pasfoto-cuba,Nederlandse pasfoto's laten maken in Cuba | NederlandWereldwijd,,doodlopende-verwijzing,hoog,geen informatie over ...,U kunt wel de informatie van een omringend land bekijken over fotografen die bekend zijn met de Nederlandse eisen.,,De pagina verwijst door naar 'een omringend land' zonder te zeggen welk land. De klant weet niet waar hij verder moet zoeken.,"Noem de landen waar wél informatie over is, zoals op de pagina over Afghanistan gebeurt."
0291_paspoort-id-kaart_nederlandse-pasfotos-laten-maken_pasfoto-equatoriaal-guinea.txt,https://www.nederlandwereldwijd.nl/paspoort-id-kaart/nederlandse-pasfotos-laten-maken/pasfoto-equatoriaal-guinea,Nederlandse pasfoto's laten maken in Equatoriaal-Guinea | NederlandWereldwijd,,doodlopende-verwijzing,hoog,geen informatie over ...,U kunt wel de informatie van een omringend land bekijken over fotografen die bekend zijn met de Nederlandse eisen.,,De pagina verwijst door naar 'een omringend land' zonder te zeggen welk land. De klant weet niet waar hij verder moet zoeken.,"Noem de landen waar wél informatie over is, zoals op de pagina over Afghanistan gebeurt."
0302_paspoort-id-kaart_nederlandse-pasfotos-laten-maken_pasfoto-gabon.txt,https://www.nederlandwereldwijd.nl/paspoort-id-kaart/nederlandse-pasfotos-laten-maken/pasfoto-gabon,Nederlandse pasfoto's laten maken in Gabon | NederlandWereldwijd,,doodlopende-verwijzing,hoog,geen informatie over ...,U kunt wel de informatie van een omringend land bekijken over fotografen die bekend zijn met de Nederlandse eisen.,,De pagina verwijst door naar 'een omringend land' zonder te zeggen welk land. De klant weet niet waar hij verder moet zoeken.,"Noem de landen waar wél informatie over is, zoals op de pagina over Afghanistan gebeurt."
0304_paspoort-id-kaart_nederlandse-pasfotos-laten-maken_pasfoto-georgie.txt,https://www.nederlandwereldwijd.nl/paspoort-id-kaart/nederlandse-pasfotos-laten-maken/pasfoto-georgie,Nederlandse pasfoto's laten maken in Georgië | NederlandWereldwijd,,doodlopende-verwijzing,hoog,geen informatie over ...,U kunt wel de informatie van een omringend land bekijken over fotografen die bekend zijn met de Nederlandse eisen.,,De pagina verwijst door naar 'een omringend land' zonder te zeggen welk land. De klant weet niet waar hij verder moet zoeken.,"Noem de landen waar wél informatie over is, zoals op de pagina over Afghanistan gebeurt."
0322_paspoort-id-kaart_nederlandse-pasfotos-laten-maken_pasfoto-indonesie.txt,https://www.nederlandwereldwijd.nl/paspoort-id-kaart/nederlandse-pasfotos-laten-maken/pasfoto-indonesie,Nederlandse pasfoto's laten maken in Indonesië | NederlandWereldwijd,,doodlopende-verwijzing,hoog,geen informatie over ...,U kunt wel de informatie van een omringend land bekijken over fotografen die bekend zijn met de Nederlandse eisen.,,De pagina verwijst door naar 'een omringend land' zonder te zeggen welk land. De klant weet niet waar hij verder moet zoeken.,"Noem de landen waar wél informatie over is, zoals op de pagina over Afghanistan gebeurt."
0328_paspoort-id-kaart_nederlandse-pasfotos-laten-maken_pasfoto-jamaica.txt,https://www.nederlandwereldwijd.nl/paspoort-id-kaart/nederlandse-pasfotos-laten-maken/pasfoto-jamaica,Nederlandse pasfoto's laten maken op Jamaica | NederlandWereldwijd,,doodlopende-verwijzing,hoog,geen informatie over ...,U kunt wel de informatie van een omringend land bekijken over fotografen die bekend zijn met de Nederlandse eisen.,,De pagina verwijst door naar 'een omringend land' zonder te zeggen welk land. De klant weet niet waar hij verder moet zoeken.,"Noem de landen waar wél informatie over is, zoals op de pagina over Afghanistan gebeurt."
0334_paspoort-id-kaart_nederlandse-pasfotos-laten-maken_pasfoto-kameroen.txt,https://www.nederlandwereldwijd.nl/paspoort-id-kaart/nederlandse-pasfotos-laten-maken/pasfoto-kameroen,Nederlandse pasfoto's laten maken in Kameroen | NederlandWereldwijd,,doodlopende-verwijzing,hoog,geen informatie over ...,U kunt wel de informatie van een omringend land bekijken over fotografen die bekend zijn met de Nederlandse eisen.,,De pagina verwijst door naar 'een omringend land' zonder te zeggen welk land. De klant weet niet waar hij verder moet zoeken.,"Noem de landen waar wél informatie over is, zoals op de pagina over Afghanistan gebeurt."
0339_paspoort-id-kaart_nederlandse-pasfotos-laten-maken_pasfoto-koeweit.txt,https://www.nederlandwereldwijd.nl/paspoort-id-kaart/nederlandse-pasfotos-laten-maken/pasfoto-koeweit,Nederlandse pasfoto's laten maken in Koeweit | NederlandWereldwijd,,doodlopende-verwijzing,hoog,geen informatie over ...,U kunt wel de informatie van een omringend land bekijken over fotografen die bekend zijn met de Nederlandse eisen.,,De pagina verwijst door naar 'een omringend land' zonder te zeggen welk land. De klant weet niet waar hij verder moet zoeken.,"Noem de landen waar wél informatie over is, zoals op de pagina over Afghanistan gebeurt."
0353_paspoort-id-kaart_nederlandse-pasfotos-laten-maken_pasfoto-malawi.txt,https://www.nederlandwereldwijd.nl/paspoort-id-kaart/nederlandse-pasfotos-laten-maken/pasfoto-malawi,Nederlandse pasfoto's laten maken in Malawi | NederlandWereldwijd,,doodlopende-verwijzing,hoog,geen informatie over ...,U kunt wel de informatie van een omringend land bekijken over fotografen die bekend zijn met de Nederlandse eisen.,,De pagina verwijst door naar 'een omringend land' zonder te zeggen welk land. De klant weet niet waar hij verder moet zoeken.,"Noem de landen waar wél informatie over is, zoals op de pagina over Afghanistan gebeurt."
0354_paspoort-id-kaart_nederlandse-pasfotos-laten-maken_pasfoto-maldiven.txt,https://www.nederlandwereldwijd.nl/paspoort-id-kaart/nederlandse-pasfotos-laten-maken/pasfoto-maldiven,Nederlandse pasfoto's laten maken op de Maldiven | NederlandWereldwijd,,doodlopende-verwijzing,hoog,geen informatie over ...,U kunt wel de informatie van een omringend land bekijken over fotografen die bekend zijn met de Nederlandse eisen.,,De pagina verwijst door naar 'een omringend land' zonder te zeggen welk land. De klant weet niet waar hij verder moet zoeken.,"Noem de landen waar wél informatie over is, zoals op de pagina over Afghanistan gebeurt."
0379_paspoort-id-kaart_nederlandse-pasfotos-laten-maken_pasfoto-nigeria.txt,https://www.nederlandwereldwijd.nl/paspoort-id-kaart/nederlandse-pasfotos-laten-maken/pasfoto-nigeria,Nederlandse pasfoto's laten maken in Nigeria | NederlandWereldwijd,,doodlopende-verwijzing,hoog,geen informatie over ...,U kunt wel de informatie van een omringend land bekijken over fotografen die bekend zijn met de Nederlandse eisen.,,De pagina verwijst door naar 'een omringend land' zonder te zeggen welk land. De klant weet niet waar hij verder moet zoeken.,"Noem de landen waar wél informatie over is, zoals op de pagina over Afghanistan gebeurt."
0387_paspoort-id-kaart_nederlandse-pasfotos-laten-maken_pasfoto-oost-timor.txt,https://www.nederlandwereldwijd.nl/paspoort-id-kaart/nederlandse-pasfotos-laten-maken/pasfoto-oost-timor,Nederlandse pasfoto's laten maken in Oost-Timor | NederlandWereldwijd,,doodlopende-verwijzing,hoog,geen informatie over ...,U kunt wel de informatie van een omringend land bekijken over fotografen die bekend zijn met de Nederlandse eisen.,,De pagina verwijst door naar 'een omringend land' zonder te zeggen welk land. De klant weet niet waar hij verder moet zoeken.,"Noem de landen waar wél informatie over is, zoals op de pagina over Afghanistan gebeurt."
0422_paspoort-id-kaart_nederlandse-pasfotos-laten-maken_pasfoto-sri-lanka.txt,https://www.nederlandwereldwijd.nl/paspoort-id-kaart/nederlandse-pasfotos-laten-maken/pasfoto-sri-lanka,Nederlandse pasfoto's laten maken in Sri Lanka | NederlandWereldwijd,,doodlopende-verwijzing,hoog,geen informatie over ...,U kunt wel de informatie van een omringend land bekijken over fotografen die bekend zijn met de Nederlandse eisen.,,De pagina verwijst door naar 'een omringend land' zonder te zeggen welk land. De klant weet niet waar hij verder moet zoeken.,"Noem de landen waar wél informatie over is, zoals op de pagina over Afghanistan gebeurt."
0427_paspoort-id-kaart_nederlandse-pasfotos-laten-maken_pasfoto-taiwan.txt,https://www.nederlandwereldwijd.nl/paspoort-id-kaart/nederlandse-pasfotos-laten-maken/pasfoto-taiwan,Nederlandse pasfoto's laten maken in Taiwan | NederlandWereldwijd,,doodlopende-verwijzing,hoog,geen informatie over ...,U kunt wel de informatie van een omringend land bekijken over fotografen die bekend zijn met de Nederlandse eisen.,,De pagina verwijst door naar 'een omringend land' zonder te zeggen welk land. De klant weet niet waar hij verder moet zoeken.,"Noem de landen waar wél informatie over is, zoals op de pagina over Afghanistan gebeurt."
0450_paspoort-id-kaart_nederlandse-pasfotos-laten-maken_pasfoto-zambia.txt,https://www.nederlandwereldwijd.nl/paspoort-id-kaart/nederlandse-pasfotos-laten-maken/pasfoto-zambia,Nederlandse pasfoto's laten maken in Zambia | NederlandWereldwijd,,doodlopende-verwijzing,hoog,geen informatie over ...,U kunt wel de informatie van een omringend land bekijken over fotografen die bekend zijn met de Nederlandse eisen.,,De pagina verwijst door naar 'een omringend land' zonder te zeggen welk land. De klant weet niet waar hij verder moet zoeken.,"Noem de landen waar wél informatie over is, zoals op de pagina over Afghanistan gebeurt."
0451_paspoort-id-kaart_nederlandse-pasfotos-laten-maken_pasfoto-zimbabwe.txt,https://www.nederlandwereldwijd.nl/paspoort-id-kaart/nederlandse-pasfotos-laten-maken/pasfoto-zimbabwe,Nederlandse pasfoto’s laten maken in Zimbabwe | NederlandWereldwijd,,doodlopende-verwijzing,hoog,geen informatie over ...,U kunt wel de informatie van een omringend land bekijken over fotografen die bekend zijn met de Nederlandse eisen.,,De pagina verwijst door naar 'een omringend land' zonder te zeggen welk land. De klant weet niet waar hij verder moet zoeken.,"Noem de landen waar wél informatie over is, zoals op de pagina over Afghanistan gebeurt."
0454_paspoort-id-kaart_nederlandse-pasfotos-laten-maken_pasfoto-zuid-sudan.txt,https://www.nederlandwereldwijd.nl/paspoort-id-kaart/nederlandse-pasfotos-laten-maken/pasfoto-zuid-sudan,Nederlandse pasfoto's laten maken in Zuid-Sudan | NederlandWereldwijd,,doodlopende-verwijzing,hoog,geen informatie over ...,U kunt wel de informatie van een omringend land bekijken over fotografen die bekend zijn met de Nederlandse eisen.,,De pagina verwijst door naar 'een omringend land' zonder te zeggen welk land. De klant weet niet waar hij verder moet zoeken.,"Noem de landen waar wél informatie over is, zoals op de pagina over Afghanistan gebeurt."
0685_paspoort-id-kaart_waar-aanvragen.txt,https://www.nederlandwereldwijd.nl/paspoort-id-kaart/waar-aanvragen,Waar kan ik een Nederlands paspoort of ID-kaart aanvragen als ik in het buitenland woon? | NederlandWereldwijd,,tijdelijk-zonder-datum,midden,tijdelijk,U kunt daar tijdelijk een paspoort of ID-kaart aanvragen.,,Tijdelijke mededeling zonder datum: niet te zien hoe lang dit er al staat of wanneer het afloopt.,"Zet erbij sinds wanneer dit geldt, of tot wanneer."
0686_paspoort-id-kaart_waar-aanvragen-canada.txt,https://www.nederlandwereldwijd.nl/paspoort-id-kaart/waar-aanvragen-canada,Paspoort of ID-kaart aanvragen als u in Canada woont | NederlandWereldwijd,,verloopt-binnenkort,advies,23 september 2026,Op 22 september in de middag en de hele dag op 23 september 2026.,8,Deze datum is over 8 dagen voorbij; daarna klopt de tekst niet meer.,Zet een herinnering om dit na die datum bij te werken.
